7
fdc267,Henson,Henry,922 Lotheville Lane,Locale,GA,31405,US,hhenson@donotlook.com
aa887a,Levvy,Larry,12th Bridge,Muncie,IN,91232,US,llarry@bridgehouse.net
jj42O1,Anderson,Anderson,444 Anderson Way,Anderson,PA,81224,US, aa@aaforlife.com
d78da4,Soloway,Keslie,5595 Saint Paul Place,Annapolis,MD,21405,US,ksoloway9@amazon.co.uk,ksoloway9@sitemeter.com,ksoloway9@cmu.edu,ksoloway9@unicef.org
85h214,Jant,Jannet,1522 Road Road,Somewhere,VA,43121,US, 
1294j1,Smith,Klint,12423 South,Cityplace,GA,12421,US,southernboy@gmail.com,ksmith@junkmail.com
fjeu12,Why,Wyatt,1824 Q Street,Omaha,NE,96231,US,ww@itakethese.edu
